index,date,currency,epsActual,epsEstimate,epsDifference,surprisePercent,outstandingShares
335,2023-07-31,USD,-0.15,-0.22,0.07,31.8182,
336,2023-07-30,USD,-0.15,-0.22,0.07,31.8182,
337,2023-07-29,USD,-0.15,-0.22,0.07,31.8182,
338,2023-07-28,USD,-0.15,-0.22,0.07,31.8182,
339,2023-07-27,USD,-0.15,-0.22,0.07,31.8182,
340,2023-07-26,USD,-0.15,-0.22,0.07,31.8182,
341,2023-07-25,USD,-0.15,-0.22,0.07,31.8182,
342,2023-07-24,USD,-0.15,-0.22,0.07,31.8182,
343,2023-07-23,USD,-0.15,-0.22,0.07,31.8182,
344,2023-07-22,USD,-0.15,-0.22,0.07,31.8182,
345,2023-07-21,USD,-0.15,-0.22,0.07,31.8182,
346,2023-07-20,USD,-0.15,-0.22,0.07,31.8182,
347,2023-07-19,USD,-0.15,-0.22,0.07,31.8182,
348,2023-07-18,USD,-0.15,-0.22,0.07,31.8182,
349,2023-07-17,USD,-0.15,-0.22,0.07,31.8182,
350,2023-07-16,USD,-0.15,-0.22,0.07,31.8182,
351,2023-07-15,USD,-0.15,-0.22,0.07,31.8182,
352,2023-07-14,USD,-0.15,-0.22,0.07,31.8182,
353,2023-07-13,USD,-0.15,-0.22,0.07,31.8182,
354,2023-07-12,USD,-0.15,-0.22,0.07,31.8182,
355,2023-07-11,USD,-0.15,-0.22,0.07,31.8182,
356,2023-07-10,USD,-0.15,-0.22,0.07,31.8182,
357,2023-07-09,USD,-0.15,-0.22,0.07,31.8182,
358,2023-07-08,USD,-0.15,-0.22,0.07,31.8182,
359,2023-07-07,USD,-0.15,-0.22,0.07,31.8182,
360,2023-07-06,USD,-0.15,-0.22,0.07,31.8182,
361,2023-07-05,USD,-0.15,-0.22,0.07,31.8182,
362,2023-07-04,USD,-0.15,-0.22,0.07,31.8182,
363,2023-07-03,USD,-0.15,-0.22,0.07,31.8182,
364,2023-07-02,USD,-0.15,-0.22,0.07,31.8182,
365,2023-07-01,USD,-0.15,-0.22,0.07,31.8182,
366,2023-06-30,USD,-0.15,-0.22,0.07,31.8182,185991500
367,2023-06-29,USD,-0.2,-0.25,0.05,20,183113900
368,2023-06-28,USD,-0.2,-0.25,0.05,20,183113900
369,2023-06-27,USD,-0.2,-0.25,0.05,20,183113900
370,2023-06-26,USD,-0.2,-0.25,0.05,20,183113900
371,2023-06-25,USD,-0.2,-0.25,0.05,20,183113900
372,2023-06-24,USD,-0.2,-0.25,0.05,20,183113900
373,2023-06-23,USD,-0.2,-0.25,0.05,20,183113900
374,2023-06-22,USD,-0.2,-0.25,0.05,20,183113900
375,2023-06-21,USD,-0.2,-0.25,0.05,20,183113900
376,2023-06-20,USD,-0.2,-0.25,0.05,20,183113900
377,2023-06-19,USD,-0.2,-0.25,0.05,20,183113900
378,2023-06-18,USD,-0.2,-0.25,0.05,20,183113900
379,2023-06-17,USD,-0.2,-0.25,0.05,20,183113900
380,2023-06-16,USD,-0.2,-0.25,0.05,20,183113900
381,2023-06-15,USD,-0.2,-0.25,0.05,20,183113900
382,2023-06-14,USD,-0.2,-0.25,0.05,20,183113900
383,2023-06-13,USD,-0.2,-0.25,0.05,20,183113900
384,2023-06-12,USD,-0.2,-0.25,0.05,20,183113900
385,2023-06-11,USD,-0.2,-0.25,0.05,20,183113900
386,2023-06-10,USD,-0.2,-0.25,0.05,20,183113900
387,2023-06-09,USD,-0.2,-0.25,0.05,20,183113900
388,2023-06-08,USD,-0.2,-0.25,0.05,20,183113900
389,2023-06-07,USD,-0.2,-0.25,0.05,20,183113900
390,2023-06-06,USD,-0.2,-0.25,0.05,20,183113900
391,2023-06-05,USD,-0.2,-0.25,0.05,20,183113900
392,2023-06-04,USD,-0.2,-0.25,0.05,20,183113900
393,2023-06-03,USD,-0.2,-0.25,0.05,20,183113900
394,2023-06-02,USD,-0.2,-0.25,0.05,20,183113900
395,2023-06-01,USD,-0.2,-0.25,0.05,20,183113900
396,2023-05-31,USD,-0.2,-0.25,0.05,20,183113900
397,2023-05-30,USD,-0.2,-0.25,0.05,20,183113900
398,2023-05-29,USD,-0.2,-0.25,0.05,20,183113900
399,2023-05-28,USD,-0.2,-0.25,0.05,20,183113900
400,2023-05-27,USD,-0.2,-0.25,0.05,20,183113900
401,2023-05-26,USD,-0.2,-0.25,0.05,20,183113900
402,2023-05-25,USD,-0.2,-0.25,0.05,20,183113900
403,2023-05-24,USD,-0.2,-0.25,0.05,20,183113900
404,2023-05-23,USD,-0.2,-0.25,0.05,20,183113900
405,2023-05-22,USD,-0.2,-0.25,0.05,20,183113900
406,2023-05-21,USD,-0.2,-0.25,0.05,20,183113900
407,2023-05-20,USD,-0.2,-0.25,0.05,20,183113900
408,2023-05-19,USD,-0.2,-0.25,0.05,20,183113900
409,2023-05-18,USD,-0.2,-0.25,0.05,20,183113900
410,2023-05-17,USD,-0.2,-0.25,0.05,20,183113900
411,2023-05-16,USD,-0.2,-0.25,0.05,20,183113900
412,2023-05-15,USD,-0.2,-0.25,0.05,20,183113900
413,2023-05-14,USD,-0.2,-0.25,0.05,20,183113900
414,2023-05-13,USD,-0.2,-0.25,0.05,20,183113900
415,2023-05-12,USD,-0.2,-0.25,0.05,20,183113900
416,2023-05-11,USD,-0.2,-0.25,0.05,20,183113900
417,2023-05-10,USD,-0.2,-0.25,0.05,20,183113900
418,2023-05-09,USD,-0.2,-0.25,0.05,20,183113900
419,2023-05-08,USD,-0.2,-0.25,0.05,20,183113900
420,2023-05-07,USD,-0.2,-0.25,0.05,20,183113900
421,2023-05-06,USD,-0.2,-0.25,0.05,20,183113900
422,2023-05-05,USD,-0.2,-0.25,0.05,20,183113900
423,2023-05-04,USD,-0.2,-0.25,0.05,20,183113900
424,2023-05-03,USD,-0.2,-0.25,0.05,20,183113900
425,2023-05-02,USD,-0.2,-0.25,0.05,20,183113900
426,2023-05-01,USD,-0.2,-0.25,0.05,20,183113900
427,2023-04-30,USD,-0.2,-0.25,0.05,20,183113900
428,2023-04-29,USD,-0.2,-0.25,0.05,20,183113900
429,2023-04-28,USD,-0.2,-0.25,0.05,20,183113900
430,2023-04-27,USD,-0.2,-0.25,0.05,20,183113900
431,2023-04-26,USD,-0.2,-0.25,0.05,20,183113900
432,2023-04-25,USD,-0.2,-0.25,0.05,20,183113900
433,2023-04-24,USD,-0.2,-0.25,0.05,20,183113900
434,2023-04-23,USD,-0.2,-0.25,0.05,20,183113900
435,2023-04-22,USD,-0.2,-0.25,0.05,20,183113900
436,2023-04-21,USD,-0.2,-0.25,0.05,20,183113900
437,2023-04-20,USD,-0.2,-0.25,0.05,20,183113900
438,2023-04-19,USD,-0.2,-0.25,0.05,20,183113900
439,2023-04-18,USD,-0.2,-0.25,0.05,20,183113900
440,2023-04-17,USD,-0.2,-0.25,0.05,20,183113900
441,2023-04-16,USD,-0.2,-0.25,0.05,20,183113900
442,2023-04-15,USD,-0.2,-0.25,0.05,20,183113900
443,2023-04-14,USD,-0.2,-0.25,0.05,20,183113900
444,2023-04-13,USD,-0.2,-0.25,0.05,20,183113900
445,2023-04-12,USD,-0.2,-0.25,0.05,20,183113900
446,2023-04-11,USD,-0.2,-0.25,0.05,20,183113900
447,2023-04-10,USD,-0.2,-0.25,0.05,20,183113900
448,2023-04-09,USD,-0.2,-0.25,0.05,20,183113900
449,2023-04-08,USD,-0.2,-0.25,0.05,20,183113900
450,2023-04-07,USD,-0.2,-0.25,0.05,20,183113900
451,2023-04-06,USD,-0.2,-0.25,0.05,20,183113900
452,2023-04-05,USD,-0.2,-0.25,0.05,20,183113900
453,2023-04-04,USD,-0.2,-0.25,0.05,20,183113900
454,2023-04-03,USD,-0.2,-0.25,0.05,20,183113900
455,2023-04-02,USD,-0.2,-0.25,0.05,20,183113900
456,2023-04-01,USD,-0.2,-0.25,0.05,20,183113900
457,2023-03-31,USD,-0.2,-0.25,0.05,20,183113900
458,2023-03-30,USD,-0.31,-0.3,-0.01,-3.3333,182540500
459,2023-03-29,USD,-0.31,-0.3,-0.01,-3.3333,182540500
460,2023-03-28,USD,-0.31,-0.3,-0.01,-3.3333,182540500
461,2023-03-27,USD,-0.31,-0.3,-0.01,-3.3333,182540500
462,2023-03-26,USD,-0.31,-0.3,-0.01,-3.3333,182540500
463,2023-03-25,USD,-0.31,-0.3,-0.01,-3.3333,182540500
464,2023-03-24,USD,-0.31,-0.3,-0.01,-3.3333,182540500
465,2023-03-23,USD,-0.31,-0.3,-0.01,-3.3333,182540500
466,2023-03-22,USD,-0.31,-0.3,-0.01,-3.3333,182540500
467,2023-03-21,USD,-0.31,-0.3,-0.01,-3.3333,182540500
468,2023-03-20,USD,-0.31,-0.3,-0.01,-3.3333,182540500
469,2023-03-19,USD,-0.31,-0.3,-0.01,-3.3333,182540500
470,2023-03-18,USD,-0.31,-0.3,-0.01,-3.3333,182540500
471,2023-03-17,USD,-0.31,-0.3,-0.01,-3.3333,182540500
472,2023-03-16,USD,-0.31,-0.3,-0.01,-3.3333,182540500
473,2023-03-15,USD,-0.31,-0.3,-0.01,-3.3333,182540500
474,2023-03-14,USD,-0.31,-0.3,-0.01,-3.3333,182540500
475,2023-03-13,USD,-0.31,-0.3,-0.01,-3.3333,182540500
476,2023-03-12,USD,-0.31,-0.3,-0.01,-3.3333,182540500
477,2023-03-11,USD,-0.31,-0.3,-0.01,-3.3333,182540500
478,2023-03-10,USD,-0.31,-0.3,-0.01,-3.3333,182540500
479,2023-03-09,USD,-0.31,-0.3,-0.01,-3.3333,182540500
480,2023-03-08,USD,-0.31,-0.3,-0.01,-3.3333,182540500
481,2023-03-07,USD,-0.31,-0.3,-0.01,-3.3333,182540500
482,2023-03-06,USD,-0.31,-0.3,-0.01,-3.3333,182540500
483,2023-03-05,USD,-0.31,-0.3,-0.01,-3.3333,182540500
484,2023-03-04,USD,-0.31,-0.3,-0.01,-3.3333,182540500
485,2023-03-03,USD,-0.31,-0.3,-0.01,-3.3333,182540500
486,2023-03-02,USD,-0.31,-0.3,-0.01,-3.3333,182540500
487,2023-03-01,USD,-0.31,-0.3,-0.01,-3.3333,182540500
488,2023-02-28,USD,-0.31,-0.3,-0.01,-3.3333,182540500
489,2023-02-27,USD,-0.31,-0.3,-0.01,-3.3333,182540500
490,2023-02-26,USD,-0.31,-0.3,-0.01,-3.3333,182540500
491,2023-02-25,USD,-0.31,-0.3,-0.01,-3.3333,182540500
492,2023-02-24,USD,-0.31,-0.3,-0.01,-3.3333,182540500
493,2023-02-23,USD,-0.31,-0.3,-0.01,-3.3333,182540500
494,2023-02-22,USD,-0.31,-0.3,-0.01,-3.3333,182540500
495,2023-02-21,USD,-0.31,-0.3,-0.01,-3.3333,182540500
496,2023-02-20,USD,-0.31,-0.3,-0.01,-3.3333,182540500
497,2023-02-19,USD,-0.31,-0.3,-0.01,-3.3333,182540500
498,2023-02-18,USD,-0.31,-0.3,-0.01,-3.3333,182540500
499,2023-02-17,USD,-0.31,-0.3,-0.01,-3.3333,182540500
500,2023-02-16,USD,-0.31,-0.3,-0.01,-3.3333,182540500
501,2023-02-15,USD,-0.31,-0.3,-0.01,-3.3333,182540500
502,2023-02-14,USD,-0.31,-0.3,-0.01,-3.3333,182540500
503,2023-02-13,USD,-0.31,-0.3,-0.01,-3.3333,182540500
504,2023-02-12,USD,-0.31,-0.3,-0.01,-3.3333,182540500
505,2023-02-11,USD,-0.31,-0.3,-0.01,-3.3333,182540500
506,2023-02-10,USD,-0.31,-0.3,-0.01,-3.3333,182540500
507,2023-02-09,USD,-0.31,-0.3,-0.01,-3.3333,182540500
508,2023-02-08,USD,-0.31,-0.3,-0.01,-3.3333,182540500
509,2023-02-07,USD,-0.31,-0.3,-0.01,-3.3333,182540500
510,2023-02-06,USD,-0.31,-0.3,-0.01,-3.3333,182540500
511,2023-02-05,USD,-0.31,-0.3,-0.01,-3.3333,182540500
512,2023-02-04,USD,-0.31,-0.3,-0.01,-3.3333,182540500
513,2023-02-03,USD,-0.31,-0.3,-0.01,-3.3333,182540500
514,2023-02-02,USD,-0.31,-0.3,-0.01,-3.3333,182540500
515,2023-02-01,USD,-0.31,-0.3,-0.01,-3.3333,182540500
516,2023-01-31,USD,-0.31,-0.3,-0.01,-3.3333,182540500
517,2023-01-30,USD,-0.31,-0.3,-0.01,-3.3333,182540500
518,2023-01-29,USD,-0.31,-0.3,-0.01,-3.3333,182540500
519,2023-01-28,USD,-0.31,-0.3,-0.01,-3.3333,182540500
520,2023-01-27,USD,-0.31,-0.3,-0.01,-3.3333,182540500
521,2023-01-26,USD,-0.31,-0.3,-0.01,-3.3333,182540500
522,2023-01-25,USD,-0.31,-0.3,-0.01,-3.3333,182540500
523,2023-01-24,USD,-0.31,-0.3,-0.01,-3.3333,182540500
524,2023-01-23,USD,-0.31,-0.3,-0.01,-3.3333,182540500
525,2023-01-22,USD,-0.31,-0.3,-0.01,-3.3333,182540500
526,2023-01-21,USD,-0.31,-0.3,-0.01,-3.3333,182540500
527,2023-01-20,USD,-0.31,-0.3,-0.01,-3.3333,182540500
528,2023-01-19,USD,-0.31,-0.3,-0.01,-3.3333,182540500
529,2023-01-18,USD,-0.31,-0.3,-0.01,-3.3333,182540500
530,2023-01-17,USD,-0.31,-0.3,-0.01,-3.3333,182540500
531,2023-01-16,USD,-0.31,-0.3,-0.01,-3.3333,182540500
532,2023-01-15,USD,-0.31,-0.3,-0.01,-3.3333,182540500
533,2023-01-14,USD,-0.31,-0.3,-0.01,-3.3333,182540500
534,2023-01-13,USD,-0.31,-0.3,-0.01,-3.3333,182540500
535,2023-01-12,USD,-0.31,-0.3,-0.01,-3.3333,182540500
536,2023-01-11,USD,-0.31,-0.3,-0.01,-3.3333,182540500
537,2023-01-10,USD,-0.31,-0.3,-0.01,-3.3333,182540500
538,2023-01-09,USD,-0.31,-0.3,-0.01,-3.3333,182540500
539,2023-01-08,USD,-0.31,-0.3,-0.01,-3.3333,182540500
540,2023-01-07,USD,-0.31,-0.3,-0.01,-3.3333,182540500
541,2023-01-06,USD,-0.31,-0.3,-0.01,-3.3333,182540500
542,2023-01-05,USD,-0.31,-0.3,-0.01,-3.3333,182540500
543,2023-01-04,USD,-0.31,-0.3,-0.01,-3.3333,182540500
544,2023-01-03,USD,-0.31,-0.3,-0.01,-3.3333,182540500
545,2023-01-02,USD,-0.31,-0.3,-0.01,-3.3333,182540500
546,2023-01-01,USD,-0.31,-0.3,-0.01,-3.3333,182540500
547,2022-12-31,USD,-0.31,-0.3,-0.01,-3.3333,182540500
548,2022-12-30,USD,-0.22,-0.25,0.03,12,182123400
549,2022-12-29,USD,-0.22,-0.25,0.03,12,182123400
550,2022-12-28,USD,-0.22,-0.25,0.03,12,182123400
551,2022-12-27,USD,-0.22,-0.25,0.03,12,182123400
552,2022-12-26,USD,-0.22,-0.25,0.03,12,182123400
553,2022-12-25,USD,-0.22,-0.25,0.03,12,182123400
554,2022-12-24,USD,-0.22,-0.25,0.03,12,182123400
555,2022-12-23,USD,-0.22,-0.25,0.03,12,182123400
556,2022-12-22,USD,-0.22,-0.25,0.03,12,182123400
557,2022-12-21,USD,-0.22,-0.25,0.03,12,182123400
558,2022-12-20,USD,-0.22,-0.25,0.03,12,182123400
559,2022-12-19,USD,-0.22,-0.25,0.03,12,182123400
560,2022-12-18,USD,-0.22,-0.25,0.03,12,182123400
561,2022-12-17,USD,-0.22,-0.25,0.03,12,182123400
562,2022-12-16,USD,-0.22,-0.25,0.03,12,182123400
563,2022-12-15,USD,-0.22,-0.25,0.03,12,182123400
564,2022-12-14,USD,-0.22,-0.25,0.03,12,182123400
565,2022-12-13,USD,-0.22,-0.25,0.03,12,182123400
566,2022-12-12,USD,-0.22,-0.25,0.03,12,182123400
567,2022-12-11,USD,-0.22,-0.25,0.03,12,182123400
568,2022-12-10,USD,-0.22,-0.25,0.03,12,182123400
569,2022-12-09,USD,-0.22,-0.25,0.03,12,182123400
570,2022-12-08,USD,-0.22,-0.25,0.03,12,182123400
571,2022-12-07,USD,-0.22,-0.25,0.03,12,182123400
572,2022-12-06,USD,-0.22,-0.25,0.03,12,182123400
573,2022-12-05,USD,-0.22,-0.25,0.03,12,182123400
574,2022-12-04,USD,-0.22,-0.25,0.03,12,182123400
575,2022-12-03,USD,-0.22,-0.25,0.03,12,182123400
576,2022-12-02,USD,-0.22,-0.25,0.03,12,182123400
577,2022-12-01,USD,-0.22,-0.25,0.03,12,182123400
578,2022-11-30,USD,-0.22,-0.25,0.03,12,182123400
579,2022-11-29,USD,-0.22,-0.25,0.03,12,182123400
580,2022-11-28,USD,-0.22,-0.25,0.03,12,182123400
581,2022-11-27,USD,-0.22,-0.25,0.03,12,182123400
582,2022-11-26,USD,-0.22,-0.25,0.03,12,182123400
583,2022-11-25,USD,-0.22,-0.25,0.03,12,182123400
584,2022-11-24,USD,-0.22,-0.25,0.03,12,182123400
585,2022-11-23,USD,-0.22,-0.25,0.03,12,182123400
586,2022-11-22,USD,-0.22,-0.25,0.03,12,182123400
587,2022-11-21,USD,-0.22,-0.25,0.03,12,182123400
588,2022-11-20,USD,-0.22,-0.25,0.03,12,182123400
589,2022-11-19,USD,-0.22,-0.25,0.03,12,182123400
590,2022-11-18,USD,-0.22,-0.25,0.03,12,182123400
591,2022-11-17,USD,-0.22,-0.25,0.03,12,182123400
592,2022-11-16,USD,-0.22,-0.25,0.03,12,182123400
593,2022-11-15,USD,-0.22,-0.25,0.03,12,182123400
594,2022-11-14,USD,-0.22,-0.25,0.03,12,182123400
595,2022-11-13,USD,-0.22,-0.25,0.03,12,182123400
596,2022-11-12,USD,-0.22,-0.25,0.03,12,182123400
597,2022-11-11,USD,-0.22,-0.25,0.03,12,182123400
598,2022-11-10,USD,-0.22,-0.25,0.03,12,182123400
599,2022-11-09,USD,-0.22,-0.25,0.03,12,182123400
600,2022-11-08,USD,-0.22,-0.25,0.03,12,182123400
601,2022-11-07,USD,-0.22,-0.25,0.03,12,182123400
602,2022-11-06,USD,-0.22,-0.25,0.03,12,182123400
603,2022-11-05,USD,-0.22,-0.25,0.03,12,182123400
604,2022-11-04,USD,-0.22,-0.25,0.03,12,182123400
605,2022-11-03,USD,-0.22,-0.25,0.03,12,182123400
606,2022-11-02,USD,-0.22,-0.25,0.03,12,182123400
607,2022-11-01,USD,-0.22,-0.25,0.03,12,182123400
608,2022-10-31,USD,-0.22,-0.25,0.03,12,182123400
609,2022-10-30,USD,-0.22,-0.25,0.03,12,182123400
610,2022-10-29,USD,-0.22,-0.25,0.03,12,182123400
611,2022-10-28,USD,-0.22,-0.25,0.03,12,182123400
612,2022-10-27,USD,-0.22,-0.25,0.03,12,182123400
613,2022-10-26,USD,-0.22,-0.25,0.03,12,182123400
614,2022-10-25,USD,-0.22,-0.25,0.03,12,182123400
615,2022-10-24,USD,-0.22,-0.25,0.03,12,182123400
616,2022-10-23,USD,-0.22,-0.25,0.03,12,182123400
617,2022-10-22,USD,-0.22,-0.25,0.03,12,182123400
618,2022-10-21,USD,-0.22,-0.25,0.03,12,182123400
619,2022-10-20,USD,-0.22,-0.25,0.03,12,182123400
620,2022-10-19,USD,-0.22,-0.25,0.03,12,182123400
621,2022-10-18,USD,-0.22,-0.25,0.03,12,182123400
622,2022-10-17,USD,-0.22,-0.25,0.03,12,182123400
623,2022-10-16,USD,-0.22,-0.25,0.03,12,182123400
624,2022-10-15,USD,-0.22,-0.25,0.03,12,182123400
625,2022-10-14,USD,-0.22,-0.25,0.03,12,182123400
626,2022-10-13,USD,-0.22,-0.25,0.03,12,182123400
627,2022-10-12,USD,-0.22,-0.25,0.03,12,182123400
628,2022-10-11,USD,-0.22,-0.25,0.03,12,182123400
629,2022-10-10,USD,-0.22,-0.25,0.03,12,182123400
630,2022-10-09,USD,-0.22,-0.25,0.03,12,182123400
631,2022-10-08,USD,-0.22,-0.25,0.03,12,182123400
632,2022-10-07,USD,-0.22,-0.25,0.03,12,182123400
633,2022-10-06,USD,-0.22,-0.25,0.03,12,182123400
634,2022-10-05,USD,-0.22,-0.25,0.03,12,182123400
635,2022-10-04,USD,-0.22,-0.25,0.03,12,182123400
636,2022-10-03,USD,-0.22,-0.25,0.03,12,182123400
637,2022-10-02,USD,-0.22,-0.25,0.03,12,182123400
638,2022-10-01,USD,-0.22,-0.25,0.03,12,182123400
639,2022-09-30,USD,-0.22,-0.25,0.03,12,182123400
640,2022-09-29,USD,-0.06,-0.26,0.2,76.9231,181262600
641,2022-09-28,USD,-0.06,-0.26,0.2,76.9231,181262600
642,2022-09-27,USD,-0.06,-0.26,0.2,76.9231,181262600
643,2022-09-26,USD,-0.06,-0.26,0.2,76.9231,181262600
644,2022-09-25,USD,-0.06,-0.26,0.2,76.9231,181262600
645,2022-09-24,USD,-0.06,-0.26,0.2,76.9231,181262600
646,2022-09-23,USD,-0.06,-0.26,0.2,76.9231,181262600
647,2022-09-22,USD,-0.06,-0.26,0.2,76.9231,181262600
648,2022-09-21,USD,-0.06,-0.26,0.2,76.9231,181262600
649,2022-09-20,USD,-0.06,-0.26,0.2,76.9231,181262600
650,2022-09-19,USD,-0.06,-0.26,0.2,76.9231,181262600
651,2022-09-18,USD,-0.06,-0.26,0.2,76.9231,181262600
652,2022-09-17,USD,-0.06,-0.26,0.2,76.9231,181262600
653,2022-09-16,USD,-0.06,-0.26,0.2,76.9231,181262600
654,2022-09-15,USD,-0.06,-0.26,0.2,76.9231,181262600
655,2022-09-14,USD,-0.06,-0.26,0.2,76.9231,181262600
656,2022-09-13,USD,-0.06,-0.26,0.2,76.9231,181262600
657,2022-09-12,USD,-0.06,-0.26,0.2,76.9231,181262600
658,2022-09-11,USD,-0.06,-0.26,0.2,76.9231,181262600
659,2022-09-10,USD,-0.06,-0.26,0.2,76.9231,181262600
660,2022-09-09,USD,-0.06,-0.26,0.2,76.9231,181262600
661,2022-09-08,USD,-0.06,-0.26,0.2,76.9231,181262600
662,2022-09-07,USD,-0.06,-0.26,0.2,76.9231,181262600
663,2022-09-06,USD,-0.06,-0.26,0.2,76.9231,181262600
664,2022-09-05,USD,-0.06,-0.26,0.2,76.9231,181262600
665,2022-09-04,USD,-0.06,-0.26,0.2,76.9231,181262600
666,2022-09-03,USD,-0.06,-0.26,0.2,76.9231,181262600
667,2022-09-02,USD,-0.06,-0.26,0.2,76.9231,181262600
668,2022-09-01,USD,-0.06,-0.26,0.2,76.9231,181262600
669,2022-08-31,USD,-0.06,-0.26,0.2,76.9231,181262600
670,2022-08-30,USD,-0.06,-0.26,0.2,76.9231,181262600
671,2022-08-29,USD,-0.06,-0.26,0.2,76.9231,181262600
672,2022-08-28,USD,-0.06,-0.26,0.2,76.9231,181262600
673,2022-08-27,USD,-0.06,-0.26,0.2,76.9231,181262600
674,2022-08-26,USD,-0.06,-0.26,0.2,76.9231,181262600
675,2022-08-25,USD,-0.06,-0.26,0.2,76.9231,181262600
676,2022-08-24,USD,-0.06,-0.26,0.2,76.9231,181262600
677,2022-08-23,USD,-0.06,-0.26,0.2,76.9231,181262600
678,2022-08-22,USD,-0.06,-0.26,0.2,76.9231,181262600
679,2022-08-21,USD,-0.06,-0.26,0.2,76.9231,181262600
680,2022-08-20,USD,-0.06,-0.26,0.2,76.9231,181262600
681,2022-08-19,USD,-0.06,-0.26,0.2,76.9231,181262600
682,2022-08-18,USD,-0.06,-0.26,0.2,76.9231,181262600
683,2022-08-17,USD,-0.06,-0.26,0.2,76.9231,181262600
684,2022-08-16,USD,-0.06,-0.26,0.2,76.9231,181262600
685,2022-08-15,USD,-0.06,-0.26,0.2,76.9231,181262600
686,2022-08-14,USD,-0.06,-0.26,0.2,76.9231,181262600
687,2022-08-13,USD,-0.06,-0.26,0.2,76.9231,181262600
688,2022-08-12,USD,-0.06,-0.26,0.2,76.9231,181262600
689,2022-08-11,USD,-0.06,-0.26,0.2,76.9231,181262600
690,2022-08-10,USD,-0.06,-0.26,0.2,76.9231,181262600
691,2022-08-09,USD,-0.06,-0.26,0.2,76.9231,181262600
692,2022-08-08,USD,-0.06,-0.26,0.2,76.9231,181262600
693,2022-08-07,USD,-0.06,-0.26,0.2,76.9231,181262600
694,2022-08-06,USD,-0.06,-0.26,0.2,76.9231,181262600
695,2022-08-05,USD,-0.06,-0.26,0.2,76.9231,181262600
696,2022-08-04,USD,-0.06,-0.26,0.2,76.9231,181262600
697,2022-08-03,USD,-0.06,-0.26,0.2,76.9231,181262600
698,2022-08-02,USD,-0.06,-0.26,0.2,76.9231,181262600
699,2022-08-01,USD,-0.06,-0.26,0.2,76.9231,181262600
700,2022-07-31,USD,-0.06,-0.26,0.2,76.9231,181262600
701,2022-07-30,USD,-0.06,-0.26,0.2,76.9231,181262600
702,2022-07-29,USD,-0.06,-0.26,0.2,76.9231,181262600
703,2022-07-28,USD,-0.06,-0.26,0.2,76.9231,181262600
704,2022-07-27,USD,-0.06,-0.26,0.2,76.9231,181262600
705,2022-07-26,USD,-0.06,-0.26,0.2,76.9231,181262600
706,2022-07-25,USD,-0.06,-0.26,0.2,76.9231,181262600
707,2022-07-24,USD,-0.06,-0.26,0.2,76.9231,181262600
708,2022-07-23,USD,-0.06,-0.26,0.2,76.9231,181262600
709,2022-07-22,USD,-0.06,-0.26,0.2,76.9231,181262600
710,2022-07-21,USD,-0.06,-0.26,0.2,76.9231,181262600
711,2022-07-20,USD,-0.06,-0.26,0.2,76.9231,181262600
712,2022-07-19,USD,-0.06,-0.26,0.2,76.9231,181262600
713,2022-07-18,USD,-0.06,-0.26,0.2,76.9231,181262600
714,2022-07-17,USD,-0.06,-0.26,0.2,76.9231,181262600
715,2022-07-16,USD,-0.06,-0.26,0.2,76.9231,181262600
716,2022-07-15,USD,-0.06,-0.26,0.2,76.9231,181262600
717,2022-07-14,USD,-0.06,-0.26,0.2,76.9231,181262600
718,2022-07-13,USD,-0.06,-0.26,0.2,76.9231,181262600
719,2022-07-12,USD,-0.06,-0.26,0.2,76.9231,181262600
720,2022-07-11,USD,-0.06,-0.26,0.2,76.9231,181262600
721,2022-07-10,USD,-0.06,-0.26,0.2,76.9231,181262600
722,2022-07-09,USD,-0.06,-0.26,0.2,76.9231,181262600
723,2022-07-08,USD,-0.06,-0.26,0.2,76.9231,181262600
724,2022-07-07,USD,-0.06,-0.26,0.2,76.9231,181262600
725,2022-07-06,USD,-0.06,-0.26,0.2,76.9231,181262600
726,2022-07-05,USD,-0.06,-0.26,0.2,76.9231,181262600
727,2022-07-04,USD,-0.06,-0.26,0.2,76.9231,181262600
728,2022-07-03,USD,-0.06,-0.26,0.2,76.9231,181262600
729,2022-07-02,USD,-0.06,-0.26,0.2,76.9231,181262600
730,2022-07-01,USD,-0.06,-0.26,0.2,76.9231,181262600
731,2022-06-30,USD,-0.06,-0.26,0.2,76.9231,181262600
732,2022-06-29,USD,-0.23,-0.25,0.02,8,178874200
733,2022-06-28,USD,-0.23,-0.25,0.02,8,178874200
734,2022-06-27,USD,-0.23,-0.25,0.02,8,178874200
735,2022-06-26,USD,-0.23,-0.25,0.02,8,178874200
736,2022-06-25,USD,-0.23,-0.25,0.02,8,178874200
737,2022-06-24,USD,-0.23,-0.25,0.02,8,178874200
738,2022-06-23,USD,-0.23,-0.25,0.02,8,178874200
739,2022-06-22,USD,-0.23,-0.25,0.02,8,178874200
740,2022-06-21,USD,-0.23,-0.25,0.02,8,178874200
741,2022-06-20,USD,-0.23,-0.25,0.02,8,178874200
742,2022-06-19,USD,-0.23,-0.25,0.02,8,178874200
743,2022-06-18,USD,-0.23,-0.25,0.02,8,178874200
744,2022-06-17,USD,-0.23,-0.25,0.02,8,178874200
745,2022-06-16,USD,-0.23,-0.25,0.02,8,178874200
746,2022-06-15,USD,-0.23,-0.25,0.02,8,178874200
747,2022-06-14,USD,-0.23,-0.25,0.02,8,178874200
748,2022-06-13,USD,-0.23,-0.25,0.02,8,178874200
749,2022-06-12,USD,-0.23,-0.25,0.02,8,178874200
750,2022-06-11,USD,-0.23,-0.25,0.02,8,178874200
751,2022-06-10,USD,-0.23,-0.25,0.02,8,178874200
752,2022-06-09,USD,-0.23,-0.25,0.02,8,178874200
753,2022-06-08,USD,-0.23,-0.25,0.02,8,178874200
754,2022-06-07,USD,-0.23,-0.25,0.02,8,178874200
755,2022-06-06,USD,-0.23,-0.25,0.02,8,178874200
756,2022-06-05,USD,-0.23,-0.25,0.02,8,178874200
757,2022-06-04,USD,-0.23,-0.25,0.02,8,178874200
758,2022-06-03,USD,-0.23,-0.25,0.02,8,178874200
759,2022-06-02,USD,-0.23,-0.25,0.02,8,178874200
760,2022-06-01,USD,-0.23,-0.25,0.02,8,178874200
761,2022-05-31,USD,-0.23,-0.25,0.02,8,178874200
762,2022-05-30,USD,-0.23,-0.25,0.02,8,178874200
763,2022-05-29,USD,-0.23,-0.25,0.02,8,178874200
764,2022-05-28,USD,-0.23,-0.25,0.02,8,178874200
765,2022-05-27,USD,-0.23,-0.25,0.02,8,178874200
766,2022-05-26,USD,-0.23,-0.25,0.02,8,178874200
767,2022-05-25,USD,-0.23,-0.25,0.02,8,178874200
768,2022-05-24,USD,-0.23,-0.25,0.02,8,178874200
769,2022-05-23,USD,-0.23,-0.25,0.02,8,178874200
770,2022-05-22,USD,-0.23,-0.25,0.02,8,178874200
771,2022-05-21,USD,-0.23,-0.25,0.02,8,178874200
772,2022-05-20,USD,-0.23,-0.25,0.02,8,178874200
773,2022-05-19,USD,-0.23,-0.25,0.02,8,178874200
774,2022-05-18,USD,-0.23,-0.25,0.02,8,178874200
775,2022-05-17,USD,-0.23,-0.25,0.02,8,178874200
776,2022-05-16,USD,-0.23,-0.25,0.02,8,178874200
777,2022-05-15,USD,-0.23,-0.25,0.02,8,178874200
778,2022-05-14,USD,-0.23,-0.25,0.02,8,178874200
779,2022-05-13,USD,-0.23,-0.25,0.02,8,178874200
780,2022-05-12,USD,-0.23,-0.25,0.02,8,178874200
781,2022-05-11,USD,-0.23,-0.25,0.02,8,178874200
782,2022-05-10,USD,-0.23,-0.25,0.02,8,178874200
783,2022-05-09,USD,-0.23,-0.25,0.02,8,178874200
784,2022-05-08,USD,-0.23,-0.25,0.02,8,178874200
785,2022-05-07,USD,-0.23,-0.25,0.02,8,178874200
786,2022-05-06,USD,-0.23,-0.25,0.02,8,178874200
787,2022-05-05,USD,-0.23,-0.25,0.02,8,178874200
788,2022-05-04,USD,-0.23,-0.25,0.02,8,178874200
789,2022-05-03,USD,-0.23,-0.25,0.02,8,178874200
790,2022-05-02,USD,-0.23,-0.25,0.02,8,178874200
791,2022-05-01,USD,-0.23,-0.25,0.02,8,178874200
792,2022-04-30,USD,-0.23,-0.25,0.02,8,178874200
793,2022-04-29,USD,-0.23,-0.25,0.02,8,178874200
794,2022-04-28,USD,-0.23,-0.25,0.02,8,178874200
795,2022-04-27,USD,-0.23,-0.25,0.02,8,178874200
796,2022-04-26,USD,-0.23,-0.25,0.02,8,178874200
797,2022-04-25,USD,-0.23,-0.25,0.02,8,178874200
798,2022-04-24,USD,-0.23,-0.25,0.02,8,178874200
799,2022-04-23,USD,-0.23,-0.25,0.02,8,178874200
800,2022-04-22,USD,-0.23,-0.25,0.02,8,178874200
801,2022-04-21,USD,-0.23,-0.25,0.02,8,178874200
802,2022-04-20,USD,-0.23,-0.25,0.02,8,178874200
803,2022-04-19,USD,-0.23,-0.25,0.02,8,178874200
804,2022-04-18,USD,-0.23,-0.25,0.02,8,178874200
805,2022-04-17,USD,-0.23,-0.25,0.02,8,178874200
806,2022-04-16,USD,-0.23,-0.25,0.02,8,178874200
807,2022-04-15,USD,-0.23,-0.25,0.02,8,178874200
808,2022-04-14,USD,-0.23,-0.25,0.02,8,178874200
809,2022-04-13,USD,-0.23,-0.25,0.02,8,178874200
810,2022-04-12,USD,-0.23,-0.25,0.02,8,178874200
811,2022-04-11,USD,-0.23,-0.25,0.02,8,178874200
812,2022-04-10,USD,-0.23,-0.25,0.02,8,178874200
813,2022-04-09,USD,-0.23,-0.25,0.02,8,178874200
814,2022-04-08,USD,-0.23,-0.25,0.02,8,178874200
815,2022-04-07,USD,-0.23,-0.25,0.02,8,178874200
816,2022-04-06,USD,-0.23,-0.25,0.02,8,178874200
817,2022-04-05,USD,-0.23,-0.25,0.02,8,178874200
818,2022-04-04,USD,-0.23,-0.25,0.02,8,178874200
819,2022-04-03,USD,-0.23,-0.25,0.02,8,178874200
820,2022-04-02,USD,-0.23,-0.25,0.02,8,178874200
821,2022-04-01,USD,-0.23,-0.25,0.02,8,178874200
822,2022-03-31,USD,-0.23,-0.25,0.02,8,178874200
823,2022-03-30,USD,-0.27,-0.3,0.03,10,178397000
824,2022-03-29,USD,-0.27,-0.3,0.03,10,178397000
825,2022-03-28,USD,-0.27,-0.3,0.03,10,178397000
826,2022-03-27,USD,-0.27,-0.3,0.03,10,178397000
827,2022-03-26,USD,-0.27,-0.3,0.03,10,178397000
828,2022-03-25,USD,-0.27,-0.3,0.03,10,178397000
829,2022-03-24,USD,-0.27,-0.3,0.03,10,178397000
830,2022-03-23,USD,-0.27,-0.3,0.03,10,178397000
831,2022-03-22,USD,-0.27,-0.3,0.03,10,178397000
832,2022-03-21,USD,-0.27,-0.3,0.03,10,178397000
833,2022-03-20,USD,-0.27,-0.3,0.03,10,178397000
834,2022-03-19,USD,-0.27,-0.3,0.03,10,178397000
835,2022-03-18,USD,-0.27,-0.3,0.03,10,178397000
836,2022-03-17,USD,-0.27,-0.3,0.03,10,178397000
837,2022-03-16,USD,-0.27,-0.3,0.03,10,178397000
838,2022-03-15,USD,-0.27,-0.3,0.03,10,178397000
839,2022-03-14,USD,-0.27,-0.3,0.03,10,178397000
840,2022-03-13,USD,-0.27,-0.3,0.03,10,178397000
841,2022-03-12,USD,-0.27,-0.3,0.03,10,178397000
842,2022-03-11,USD,-0.27,-0.3,0.03,10,178397000
843,2022-03-10,USD,-0.27,-0.3,0.03,10,178397000
844,2022-03-09,USD,-0.27,-0.3,0.03,10,178397000
845,2022-03-08,USD,-0.27,-0.3,0.03,10,178397000
846,2022-03-07,USD,-0.27,-0.3,0.03,10,178397000
847,2022-03-06,USD,-0.27,-0.3,0.03,10,178397000
848,2022-03-05,USD,-0.27,-0.3,0.03,10,178397000
849,2022-03-04,USD,-0.27,-0.3,0.03,10,178397000
850,2022-03-03,USD,-0.27,-0.3,0.03,10,178397000
851,2022-03-02,USD,-0.27,-0.3,0.03,10,178397000
852,2022-03-01,USD,-0.27,-0.3,0.03,10,178397000
853,2022-02-28,USD,-0.27,-0.3,0.03,10,178397000
854,2022-02-27,USD,-0.27,-0.3,0.03,10,178397000
855,2022-02-26,USD,-0.27,-0.3,0.03,10,178397000
856,2022-02-25,USD,-0.27,-0.3,0.03,10,178397000
857,2022-02-24,USD,-0.27,-0.3,0.03,10,178397000
858,2022-02-23,USD,-0.27,-0.3,0.03,10,178397000
859,2022-02-22,USD,-0.27,-0.3,0.03,10,178397000
860,2022-02-21,USD,-0.27,-0.3,0.03,10,178397000
861,2022-02-20,USD,-0.27,-0.3,0.03,10,178397000
862,2022-02-19,USD,-0.27,-0.3,0.03,10,178397000
863,2022-02-18,USD,-0.27,-0.3,0.03,10,178397000
864,2022-02-17,USD,-0.27,-0.3,0.03,10,178397000
865,2022-02-16,USD,-0.27,-0.3,0.03,10,178397000
866,2022-02-15,USD,-0.27,-0.3,0.03,10,178397000
867,2022-02-14,USD,-0.27,-0.3,0.03,10,178397000
868,2022-02-13,USD,-0.27,-0.3,0.03,10,178397000
869,2022-02-12,USD,-0.27,-0.3,0.03,10,178397000
870,2022-02-11,USD,-0.27,-0.3,0.03,10,178397000
871,2022-02-10,USD,-0.27,-0.3,0.03,10,178397000
872,2022-02-09,USD,-0.27,-0.3,0.03,10,178397000
873,2022-02-08,USD,-0.27,-0.3,0.03,10,178397000
874,2022-02-07,USD,-0.27,-0.3,0.03,10,178397000
875,2022-02-06,USD,-0.27,-0.3,0.03,10,178397000
876,2022-02-05,USD,-0.27,-0.3,0.03,10,178397000
877,2022-02-04,USD,-0.27,-0.3,0.03,10,178397000
878,2022-02-03,USD,-0.27,-0.3,0.03,10,178397000
879,2022-02-02,USD,-0.27,-0.3,0.03,10,178397000
880,2022-02-01,USD,-0.27,-0.3,0.03,10,178397000
881,2022-01-31,USD,-0.27,-0.3,0.03,10,178397000
882,2022-01-30,USD,-0.27,-0.3,0.03,10,178397000
883,2022-01-29,USD,-0.27,-0.3,0.03,10,178397000
884,2022-01-28,USD,-0.27,-0.3,0.03,10,178397000
885,2022-01-27,USD,-0.27,-0.3,0.03,10,178397000
886,2022-01-26,USD,-0.27,-0.3,0.03,10,178397000
887,2022-01-25,USD,-0.27,-0.3,0.03,10,178397000
888,2022-01-24,USD,-0.27,-0.3,0.03,10,178397000
889,2022-01-23,USD,-0.27,-0.3,0.03,10,178397000
890,2022-01-22,USD,-0.27,-0.3,0.03,10,178397000
891,2022-01-21,USD,-0.27,-0.3,0.03,10,178397000
892,2022-01-20,USD,-0.27,-0.3,0.03,10,178397000
893,2022-01-19,USD,-0.27,-0.3,0.03,10,178397000
894,2022-01-18,USD,-0.27,-0.3,0.03,10,178397000
895,2022-01-17,USD,-0.27,-0.3,0.03,10,178397000
896,2022-01-16,USD,-0.27,-0.3,0.03,10,178397000
897,2022-01-15,USD,-0.27,-0.3,0.03,10,178397000
898,2022-01-14,USD,-0.27,-0.3,0.03,10,178397000
899,2022-01-13,USD,-0.27,-0.3,0.03,10,178397000
900,2022-01-12,USD,-0.27,-0.3,0.03,10,178397000
901,2022-01-11,USD,-0.27,-0.3,0.03,10,178397000
902,2022-01-10,USD,-0.27,-0.3,0.03,10,178397000
903,2022-01-09,USD,-0.27,-0.3,0.03,10,178397000
904,2022-01-08,USD,-0.27,-0.3,0.03,10,178397000
905,2022-01-07,USD,-0.27,-0.3,0.03,10,178397000
906,2022-01-06,USD,-0.27,-0.3,0.03,10,178397000
907,2022-01-05,USD,-0.27,-0.3,0.03,10,178397000
908,2022-01-04,USD,-0.27,-0.3,0.03,10,178397000
909,2022-01-03,USD,-0.27,-0.3,0.03,10,178397000
910,2022-01-02,USD,-0.27,-0.3,0.03,10,178397000
911,2022-01-01,USD,-0.27,-0.3,0.03,10,178397000
